Portuguese (original),American English,Latin Spanish,African French,German,Turkish,Type,Class,Hate Target
chorume,rotten,0,0,Scheiße,bulamaç,swear words,0,0
baixaria,fuckfest,vileza,0,Betrüger,değersiz,offensive,1,0
cu,asshole,culo,cul,Arsch ,büzük,offensive,0,0
cu pra tomar,shove It up your ass,tómalo por el culo,cul à prendre,Schieb es dir sonst wohin,götüne sok,swear words,1,0
vagabundo,degenerate,vagabundo ,clochard,Penner,serseri,offensive,1,0
vagabunda,slut,prostituta,salope,Schlampe,orospu,offensive,1,sexism
vagaba,slut,prostituta,garce,Schlampe,orospu,offensive,1,sexism
idiota,stupid,idiota,idiot,Idiot,geri zekalı,offensive,1,0
indiota,stupid,idiota,indien,Idiot,geri zekalı,offensive,1,0
canalha,jerk,canalla,canaille,Gauner/Schurke ,alçak,swear words,1,0
filho da puta,son of a bitch,hijo de puta,fils de pute,Hurensohn,orospu Çocuğu,swear words,1,0
filha da puta,motherfucker,hija de puta,enfoiré,Hurentochter,orospu Çocuğu,swear words,1,0
tomando no cano,getting fucked in the ass,0,pendre dans le tuyau,in den Arsch ficken,0,swear words,1,0
inútil,loser,inútil,inutile,Nutzlos/Wetlos,kullanışsız,offensive,0,0
trouxa,dumbass,gil,0,Depp ,Aptal,offensive,0,0
foda se,fuck it,jodete,va te faire foutre,Leck mich (doch) am Arsch / Du kannst mich mal,Kahretsin,swear words,1,0
foda-se,fuck it,jodete,putain de ,Scheiße/ Verdammt,Siktir et,swear words,1,0
jegue,dumbass,burro,0,Vollidiot,Sersem,offensive,0,0
nojo,yuck,asco,dégoût,Ekel,İğrenç,offensive,0,0
lixo,garbage,basura,0,Müll / menschlicher Abfall,pislik,offensive,0,0
crápula,bastard,crápula,salaud,Dreckskerl,dolandırıcı,offensive,1,0
bandido,thug,bandido,bandit,Dieb / Gangster,haydut,offensive,1,0
corja,scorn,chusma,,Gesindel / Pack,ayak takımı,offensive,0,0
trapaceiro,cheater,tramposo,infidèle,Betrüger,dolandırıcı,offensive,1,0
maldito,damned ,maldito,maudit,Ausgestoßener / Verdammter,lanet olsun,offensive,1,0
familicia,0,0,,0,0,offensive/Brazil,1,partyism
fiofó,arse,0,,Arsch,anüs,offensive,1,0
arrombar,to drill,0,,0,aşağılamak,offensive,0,0
fuder,fuck,joder,putain de ,ficken,kahretsin,offensive,1,0
foder,fuck,joder,putain de ,ficken,kahretsin,offensive,1,0
vá se fuder,fuck you,vete a la mierda,va te faire foutre !,Du kannst mich mal kreuzweise (am Arsch lecken),git kendini becer,swear words,1,0
doida,fool,loca,fou,Irrer / Verrückter / Wahnsinniger,deli,offensive,1,0
doido,fool,loco,folie,geistige Umnachtung,deli,offensive,1,0
nao tem mae,motherless,no tiene madre,aucune mère,0,0,swear words,0,0
miliciano,militiamen,miliciano,milicien,0,0,offensive,1,0
sangue suga,parasite,sanguijuela,,Parasit/Ungeziefer ,kan emici,offensive,0,0
sanguessuga,leech,sanguijuela,sangsue,,sülük,offensive,0,0
lambem o saco,ass kissers (adj) / to kiss someone's ass (v),lamben los huevos,il/elles lèchent le sac,Lutsch meinen Schwanz,enayi,offensive,1,0
criatura,creature,criatura,créature,Kreatur,yaratık,offensive,0,0
peste,plague,plaga,peste,...wie die Pest,veba,swear words,0,0
ladrão,thief,ladrón,voleur,Dieb  ,hırsız,offensive,1,0
ladra,thief,ladrona,0,Diebin,hırsız,offensive,1,0
ladrona,thief,ladrona,0,Dieb,hırsız,offensive,1,0
safado,manwhore,cabrón,fripouille,Schurke,utanmaz,offensive,1,0
asqueroso,disgusting,asqueroso,dégoûtant,bösartig (Person),mide bulandırıcı,offensive,1,0
asquerosa,disgusting,asquerosa,dégoûtant,bösartig (Person),kirli,offensive,1,0
verme,worm,parasito,ver de terre,Parasit/Ungeziefer ,parazit,offensive,0,0
traste,loser,basura,frette,Loser / Verlierer,haydut,offensive,1,0
marmiteira,grunt,0,plateau à muffins,0,0,offensive,0,0
marmiteiro,grunt,0,marmite,0,0,offensive,0,0
pedaço de estrume,piece of shit ,pedazo de mierda,espèce de fumier,Miststück,bok parçası,swear words,1,0
burro,dumbass / dumb / stupid,burro,0,Trottel (0),aptal,offensive,0,0
desgraça,doom,desgracia,malheur,Schande,rezalet,offensive,0,0
disgraça,damn it,deshonra,déshonneur,Schande,rezalet,offensive,0,0
desgraca,disgrace,desgracia,0,Schande,rezalet,offensive,0,0
petesada,libtard,0,0,0,0,offensive/Brazil,1,partyism
jumenta,dumbass,burra,âne,Trottel,aptal kadın,offensive,0,0
jumento,dumbass,burro,âne,Trottel,aptal,offensive,0,0
malandro,sleezy,travieso,fripouille,Gauner,haydut,offensive,1,0
bolsomerda,0,0,0,0,0,offensive/Brazil,1,partyism
bolsotario,0,0,0,0,0,offensive/Brazil,1,partyism
bolsootarios,0,0,0,0,0,offensive/Brazil,1,partyism
tá tomando no cú,getting fucked in the ass,te está tomando por el culo,prends ça dans le cul,Steck es dir in den Arsch,götüne sok,swear words,1,0
meleca,bogie,moco,épouventail,0,sümük,offensive,0,0
asno,donkey,asno,cul,Arsch,erkek eşek,offensive,0,0
lixo do caralho,fucking trashbag,basura,tas de merde,Ein Haufen Scheiße (sein),lanet çöp,swear words,1,0
cabra,beast (pessoa forte) (goat - literal),cabra,chèvre,(blöde) Ziege,keçi,offensive,0,0
boçal,crass,0,0,0,aptal herif,offensive,1,0
repugnante,repulsive,repugnante,répugnant,abstoßende Person,iğrenç,offensive,1,0
aloprada,reckless,demente,0,0,deli,offensive,0,0
aloprado,reckless,demente,0,0,0,offensive,0,0
mimimi,whining,0,0,mimimi / Heulsuse,0,offensive,1,0
puxar o tapete,backlash,estropear,tirer la couverture sur soi,0,sırtından vurmak,offensive,0,0
inveja da peste,green of envy,envidia de la peste,envie de peste,...wie die Pest,veba kıskançlığı,offensive/Brazil,1,0
mágoa reprimida,hard feelings,frustrada,chagrin refoulé,0,bastırılmış kin,offensive,0,0
escrota,bitch,sucia,fouineur,Schmarotzer,piç,offensive,1,0
escroto,jerk,escroto,scrotum,(Hoden)Sack,testis torbası,offensive,1,0
podre,rotten,podrido,pourri,verrotte,çürük,offensive,0,0
fanático,fanatic,fanático,fanatique,Fanatiker (0),fanatik,offensive,0,0
fanática,fanatic,fanática,fanatique,Fanatikerin (0),fanatik,offensive,0,0
duzinferno,helluva,0,0,0,cehennemden gelen,offensive,1,0
vai a merda,suck it,vete a la mierda,va te faire foutre !,Fick dich / Du kannst mich mal,siktir git,swear words,1,0
vai pro inferno,go to hell,vete al infierno,allez au diable !,Fahr zur Hölle,cehenneme git,swear words,1,0
pitaco,to nose in (v) / nosey ,criticar,astuce,0,am,offensive,0,0
calhota,scumbag,0,,Drecksack,sahtekar,offensive,1,0
chata pra caralho,fucking annoying,muy aburrida,c'est chiant à mourir,scheißlangweilig / Langweiler,çok sıkıcı,swear words,1,0
chato pra caralho,fucking annoying,muy aburrido,putain c'est chiant,scheißlangweilig / Langweilerin,çok sıkıcı,swear words,1,0
bunda mole,wimp,cobarde,cul doux,Knackarsch,ödlek,offensive,1,0
esperneia,make a scene,patalea,soupirs,eine Szene machen,0,offensive,0,0
veneno,shade,veneno,poison,Gift (0),zehir,offensive,0,0
baderna,mess,alboroto,émeutes,Krawall (0),isyan,offensive,1,0
baderneiro,troublemakers,alborotador,fauteur de troubles,Krawallschachtel,umursamaz,offensive,1,0
babaca,jerk,idiota,trou du cul,Schwachsinnig,adi herif,offensive,1,0
boca fechada não entra mosquito,better keep your mouth shut,a boca cerrada no entra moscas,aucun moustique ne rentre dans une bouche fermée,Du solltest lieber deine Fresse halten,çeneni kapalı tutmak,offensive,1,0
mesquinha,petty,tacaña,avare,Geizhals,pinti,offensive,1,0
mesquinho,petty,tacaño,avare,Geizhals,pinti,offensive,1,0
você não engana ninguém,you fool no one,no engañas a nadie,vous ne trompez personne,Willst du mich zum Narren halten(0),sadakatsiz,offensive,1,0
traíra,backstabber,traidor,,Verräter,hain,offensive,0,0
traíras,backstabbers,traidores,chalutiers,Verräter,hainler,offensive,0,0
burrice,dumb,estupidez,,Dummheit,aptallık,offensive,1,0
cala boca,shut up,callate,tais-toi !,Maul halten,kapa çeneni,offensive,1,0
cala a boca,shut up,cierra la boca,tais-toi !,Halt dein Maul,kapa çeneni,offensive,1,0
cala essa boca,shut the hell up,cierra la boca,fermez votre gueule !,Halt deine Fresse,kapa çeneni,offensive,1,0
cala sua boca,shut your mouth,cierra la boca,fermez votre gueule !,Halt deine Fresse,kapa çeneni,offensive,1,0
falar pelo cotovelo,loudmouth,habla hasta por los codos,tirer la langue,hüte deine Zunge,geveze,offensive,1,0
mimadinho,spoiled,mocoso maleducado,gâté,verzogen,şımarık,offensive,1,0
tonto de carteirinha,dork,0,fou furieux,Volltrottel,embesil,offensive,1,0
plantar o terror,raise hell,sembrar terror,0,Terrorist (0),sorun çıkarmak,offensive,1,0
falta cérebro,empty head / empty headed,falta de cerebro,écervelé,Hirnlos,beyinsiz,offensive,1,0
tapa boca,mouth gag,cierra la boca,coup de gueule,eine Klatschen / Ohrfeige,0,offensive,0,0
bunda,ass,culo,cul,Arsch,göt,offensive,1,0
nota de três,fake as 3 dollar bill,billete de tres,note de 3,0,sahte,offensive,1,0
esquerdopata,libtard,0,gauchiste,0,solcu,offensive/Brazil,1,partyism
zé ruela,loser / fool,insignificante,0,Loser / Verlierer,ezik,offensive,1,0
caraí,shit,0,0,Scheiße,bok,swear words,1,0
karai,shit,0,0,Scheiße,bok,swear words,1,0
almofadinha,fancy pants,ricachón,coussin,Schnösel,zübbe,offensive,0,0
se enxerga,get your head out of your ass,0,0,Nimm den Stock aus dem Arsch,0,offensive,0,0
cara de pau,shameless,cara de palo,sans vergogne,schamlos ,utanmaz,swear words,1,0
gentalha,(white) trash,gentuza,racaille,Abschaum,pislik,offensive,1,0
estúpido,rude,estúpido,stupide,Idiot ,aptal,offensive,1,0
estúpida,rude,estúpida,stupide,Idiotin ,geri zekalı,offensive,1,0
escárnio,shade,burla,moquérie,Verspotten,alay,offensive,1,0
caí fora,beat it,lo dejé,je suis sorti,0,defol git,swear words,0,0
picuinha,beef,quisquillosa,0,0,dırdır etmek,offensive,1,0
globolixo,Globo trash,0,globetrotter,0,0,offensive/Brazil,1,0
globo lixo,Globo trash,0,0,0,0,offensive/Brazil,1,0
porra,fuck,mierda,putain,Hure / Nutte,kahretsin,swear words,0,0
não presta,worthless,no sirve,pas bien,Nutzlos/Wertlos,tırt,offensive,0,0
dor de cutuvelo,(green of) envy,mal perdedor,douleur cutanée,Grün vor Eifersucht,kıskançlık,offensive,0,0
dor de cotovelo,(green of) envy,mal perdedor,raisins acides,Grün vor Eifersucht,kıskançlık,offensive,0,0
vista grossa,cut some slack,vista gorda,oeil aveugle,0,müsamaha tmek,offensive,0,0
não cola mais,(it) won't cut it,no lo hagas más,plus de colle,0,0,offensive,0,0
que nojo,yuck,que asco,répugnant,abstoßend (Person),mide bulandırıcı,offensive,1,0
lixo humano,garbage (person),basura humana,déchet humains,menschlicher Abfall,insan müsveddesi,offensive,1,0
lixo de ser humano,piece of garbage,basura de ser humano,déchet humains,menschlicher Abfall,insan müsveddesi,offensive,1,0
chita,big-headed,guepardo,guépard,0,çita,offensive,0,racism
mulher lixo,bitch,cualquiera,femme vulgaire,Schlampe,kaltak,offensive,1,0
canalhice,fuckery,canallada,infamie e ,Schande (sein),saçmalık,offensive,1,0
fala só merda,trash talking,habla solo mierda,parler de merde,Scheiße labern / reden,boktan konuşma,swear words,1,0
facista,facist,facista,faciste,Faschist ,faşist,offensive,0,partyism
cambada,gang,pandilla,bouquet de fleur,0,çete,offensive,0,0
bolsonazi,Bolsonazi,0,0,0,0,offensive/Brazil,1,partyism
cafageste,jerk,grosero,rascal,Schurke,hödük,offensive,1,0
pilantra,scumbag,aprovechador,scélérat,Schurke / Schuft / Gauner,adi pislik,offensive,1,0
pilantrona,scumbag,aprovechadora,0,Schurke / Schuft / Gauner,adi pislik,offensive,1,0
milico de merda,fucking militia rat,0,putain de milice,Scheiß (Person),milis sıçanı,swear words,1,partyism
falido,bankrupt,quebrado,banqueroute,Pleite,iflas etmiş,offensive,0,0
repudiante,repulsive,repugnante,répugnant,Ekelhaft,tiksindirici,offensive,1,0
petralha,libtard,0,0,0,0,offensive/Brazil,1,partyism
fogo no racista,burn the racist,quemen al racista,a bas le racisme,verbrennt den Rassisten,ırkçıyı yakmak,offensive,1,0
parasita,parasite,parasito,parasite,Parasit /Schmarotzer ,parazit,offensive,0,0
boca podre,foul-mouthed,boca de vómito,bouche à oreille,Großmaul /Hackfresse ,çürük ağız,offensive,1,0
chata,annoying,molestosa,ennuyeux,nervig,sinir tip,offensive,0,0
insuportável,unbearable,insoportable,insoutenable,unerträglich,çekilmez,offensive,1,0
traidor da Pátria,traitor ,traidor de la patria,traître à la patrie,Verräter am Vaterland,vatan haini,offensive,1,0
bandido bom é bandido morto,Good thieves are dead thieves,bandido bueno es bandido muerto,un bon criminel est un criminel mort,0,güzel haydut ölü hayduttur,offensive/Brazil,1,0
cadeia nele,lock him up,prisión para ele,le mettre en prison,...gehört in den Knast,onu hapset,offensive,1,0
comunista,commie,comunista,communiste,"Kommunist, Kommunistin ",komünist,offensive,0,partyism
bosta,shit,mierda,caca,Scheiße,bok,offensive,0,0
corrupto,corrupt,corrupto,corrompu,korrupt/ verdorben ,yozlaşmış,offensive,1,0
analfabeta,iliterate,analfabeta,analphabète,Analphabet,cahil,offensive,0,0
analfabeto,iliterate,analfabeto,analphabète,Analphabet ,cahil,offensive,0,0
PT quadrilha,PT Gang,0,0,0,PT çetesi,offensive/Brazil,1,partyism
ridícula,ridiculous,ridícula,ridicule,lächerlich,saçma,offensive,1,0
rídiculo,ridiculous,ridículo,ridicule,lächerlich,saçma,offensive,1,0
nojenta,nasty,asquerosa,dégoûtant,ekelhaft,iğrenç bir şekilde,offensive,1,0
nojento,nastu,asqueroso,répugnant,ekelhaft,tiksindirici,offensive,1,0
vai trabalhar,get a job,vete a trabajar,se rendre au travail,Such dir erst mal einen Job,iş bul,offensive,0,0
desprezível,miserable,despreciable,méprisable,verachtenswert,rezil,offensive,0,0
ordinário,scumbag,ordinario,ordinaire,vulgär,beş para etmez,offensive,0,0
ordinária,scumbag,ordinaria,ordinaire,vulgär,adi,offensive,0,0
safadona,sleazy,chica sucia,0,schmierig,bayağı,offensive,1,sexism
safadada,sleazy,0,0,schmierig,bayağı,offensive,1,0
safada,shameless,zorra,0,schamlos ,müstehçen,offensive,1,sexism
bando de hipócrita,fucking hipocrites,montón de hipócritas,bande d'hypocrites,Heuchlerbande,lanet olası iki yüzlü,offensive,1,0
hipócrita,hipocrite,hipócrita,hypocrite,Heuchler ,iki yüzlü,offensive,1,0
bando de vagabundo,fucking scums,pandilla de rufianes,bande de vagabonds,Lumpenbande/ Gruppe von Pennern,lanet pislikler,offensive,1,0
que horror,yikes,que terrible,c'est affreux,wie schrecklich,ıyy!,offensive,0,0
vergonhoso,shameful,vergonzoso,honteux,beschämend / schändlich,utanç verici,offensive,0,0
vergonhosa,shameful,vergonzosa,honteux,beschämend / schändlich,utanç verici,offensive,0,0
vândalo,brawler,vándalo,vandalisme,Vandalismus,zorba,offensive,1,0
bunda no sofá,lazy ass,trasero holgazán,cul sur le divan,Couchpotato / Sesselfurzer,tembel göt,offensive,0,0
deplorável,dismal,deplorable,déplorable,bedauernswert,içler acısı,offensive,0,0
babacada,non-sense,0,0,Blödsinn,saçmalık,offensive,1,0
jagunço,thug,bandido,homme armé,Schläger / Dieb,gangster,offensive,0,0
descompassado,misfit,desajustado,0,Außenseiter,dışlanmış,offensive,0,0
não tem moral,immoral,no tiene moral,sans morale,Sittenloser/ Sittenstrolch,ahlaksız,offensive,1,0
infeliz,miserable,infeliz,malheureux,miserabel,bahtsız,offensive,0,0
lalau,sneaky,0,0,0,sinsi,offensive/Brazil,1,0
pinico,potty,orinal,pincée,Schwanz einziehen / Kneifen,lazımlık,offensive,0,0
maluco,madman,loco,folie,Verrückter,deli,offensive,1,0
maluca,mandwoman,loca,folie,Verrückter,deli,offensive,1,0
diabo,devil,diablo,diable,Teufel (0),şeytan,offensive,1,0
toma seu verme,"take that, you worm",0,"prends ça, vermisseau","Nimm das, du Wurm",al bunu seni solucan,swear words,1,0
engulam esquerda,"suck it, leftist",0,avaler à gauche,0,ağzına al,offensive,1,partyism
psicopata,psycho / psychopath,psicopata,psychopathe,Psycho(path),psikopat,offensive,0,0
bêbado,drunk,borracho,ivre,Besoffener/ Trunkenbold,sarhoş,offensive,0,0
tonta,dumbass,tonta,étourdie,Volltrottel,ahmak,offensive,0,0
tonto,dumbass,tonto,imbécile,Schwachkopf,ahmak,offensive,0,0
imbecil,moron,imbecil,imbécile,Schwachkopf,embesil,offensive,1,0
luladrão,0,0,0,0,dolandırıcı,offensive/Brazil,1,partyism
papuda,fibber,mentirosa,prisons,Knasti ,hapishane,offensive,1,0
zé cana brava,0,0,0,0,0,offensive/Brazil,1,0
gangue,gang,pandilla,gang,Bande / Gang,çete,offensive,0,0
imundo,raggedy,inmundo,immonde,Dreckiger ...,çok kirli,offensive,0,0
imunda,raggedy,inmunda,dégoûtant,Dreckige...,çok kirli,offensive,0,0
lularapio,scammer,0,0,0,sahtekar,offensive/Brazil,1,partyism
casa de jaula,cage house,casa de prisión,maison de correction,0,kodes,offensive,0,0
voltar pra jaula,go back tot he cage,regresar a prisión,retour à la prison,Geh zurück in den Knast,kodesine geri dön,offensive,0,0
batendo perna,wandering,revolcándote,0,0,serseri,offensive,0,0
criminoso,criminal,criminal,criminalité,Verbrecher,suçlu,offensive,0,0
lascar,get fucked,astillar,puce,0,siktir git,swear words,1,0
pinguço,drunktard,borracho,0,Trunkenbold,sarhoş kimse,offensive,1,0
egoísta,selfish,egoísta,égoïste,Egoist,bencil,offensive,1,0
vergonha,shame,verguenza,honte à vous,Schande über dich,utanç,offensive,1,0
urubú,vulture,buitre,vautour,(Ihr) Geier,akbaba,offensive,0,0
xilindró,jail,cárcel,géolier,(Du) Flasche,kodes,offensive,1,0
belzebu,Beelzebu,Belcebú,0,Beelzebub,iblis,swear words,0,0
velhaco,oldie,bellaco,voyou,Abtrünniger / Schurke,hergele,offensive,1,0
lulaladrao,0,0,0,0,0,offensive/Brazil,1,partyism
satanás,satan,satanás,satan,Satan / Teufel ,şeytan,offensive,0,0
marginal,thug,.,marginal,0,haydut,offensive,0,0
bem feito,you got what you deserved,bien hecho,bien fait,Du bekommst was du verdienst,hak ettiğini alırsın,offensive,0,0
seu rato,you rat,tu rata,votre souris,Du Ratte,seni sıçan,swear words,1,0
praga,plague,plaga,fléau,Plage/ Plagegeist,veba,offensive,0,0
frouxo,wimp,flojo,détendu,Schlappschwanz ,gevşek,offensive,0,0
tapado,blind fool,tapado,couvert,Blindfisch,kör aptal,offensive,1,0
tapada,blind fool,tapada,0,Blindfisch,kör aptal,offensive,1,0
inferno,hell,infierno,enfer,zur Hölle,cehennem,offensive,0,0
trem a toa,Useless,tren inútil,roue d'engrenage,Nutzlos/Wertlos,kullanışsız,offensive,1,0
alienado,alienated,alienado,aliéné,Alien / Ausserirdischer ,yabancılaşmış,offensive,0,0
mula,donkey,mula,mule,Maultier,katır,offensive,0,0
vai comer pão com mortadela,go have your bread with mortadella,ve a comer pan con mortadela,allez manger du pain avec de la mortadelle,0,0,offensive,0,0
biscate,slut,trabajito,petits travaux,Schlampe,fahişe,offensive,1,sexism
chupar cacete,suck a dick,chupar un pene,bâton de succion,Schwanz lutschen,ağzına al,swear words,1,sexism
vai se tratar,get help,ve a tratarte,allez-y et faites-vous plaisir,such dir Hilfe,git kendini tedavi et,offensive,0,0
carniça,garbage,carroña,charogne,Aas,leş,offensive,0,0
demente,retard,demente,démente,wahnsinnig (0),kaçık,offensive,0,0
nazifascita,nazifascit,nazifacismo,Nazi-fasciste,Nazi-Faschist (0),nazi faşist,swear words,1,partyism
acéfalo,brainlesss,obviedad,acéphale,hirnlos,beyinsiz,offensive,0,0
larápio,liar,ladrón,cambrioleur,Einbrecher,yalancı,offensive,1,0
molusco,0,molusco,mollusque,0,yumuşakça,offensive/Brazil,0,partyism
doente mental,retard,retrasado mental,malades mentaux,Geisteskrank,psikolojik rahatsızlığı olan,offensive,0,0
retardado,retard,retardado,attardé,Behindert,geri zekalı,offensive,0,0
povo besta,stupid people,gente bestia,les gens affreux,Untermensch,aptal insan,offensive,1,0
pau no cú,fucker,palo en el culo,bite dans le cul,fucker,aşağılık herif,swear words,1,0
otário,jerk,idiota,suceur,Lutscher,budala,offensive,1,0
otária,jerk,idiota,suceur,Lutscher,budala,offensive,1,0
bandidão,thug,majadero,bandit,Bandit,haydut,offensive,1,0
bandidona,thug,majadera,bandit,Bandit,haydut,offensive,1,0
mafioso,mafia,mafioso,mafieux,Mafiosi,mafya üyesi,offensive,1,0
pústula,pustule,ampolla,pustule,0,küflenmek,offensive,0,0
tiro no pé,baclfire,tiro en el pie,tirer dans le pied,ins eigene Bein geschossen,kendi bacağından vurulmak,offensive,1,0
defunto putrefato,rotten body,difunto putrefacto,cadavre en décomposition,0,çürük ceset,swear words,0,0
piralha,brat,nenita,0,Gör,velet,offensive,1,0
mimada,spoiled,malcriada,chouchouté,verwöhnt (-es Gör),şımarık çocuk,offensive,1,0
bruxa,witch,bruja,sorcière,Hexe,cadı,offensive,0,sexism
anticristo,anti-christ,anticristo,antéchrist ,Antichrist ,deccal,offensive,0,0
anti cristo,anti-christ,anti cristo,antéchrist ,Antichrist ,deccal,offensive,0,0
ideólogo vermelho,red ideologist,ideólogo rojo,idéologue rouge,0,kızıllar,offensive/Brazil,1,partyism
piranha,slut,puta,piranha,Schlampe,orospu,offensive,0,sexism
não vale nada,worthless,no vale nada,n'a aucune valeur,wertlos,değersiz,offensive,1,0
putaria,fuckery,puteria,prostituée,Prostituierte ,kaltak,offensive,1,sexism
pirralhinha,little brat,mocosa,petit morveux,Rotzlöffel,küçük velet,offensive,1,0
palpite,hunch,corazonada,supposez!,0,önsezi,offensive,0,0
papo furado,juibber jabber,cháchara,bavardage,0,boş konuşma,offensive,0,0
esquerdopata,libtard,izquierdopata,gauchers,0,solcu,offensive/Brazil,1,partyism
massa de manobra,pawns,herramientas para la maniobra,jeu d'enfant,Spielzeug (Person),piyon,offensive,1,0
presunçosa,smug,presunciosa,0,eingebildet,kendini beğenmiş,offensive,1,0
ninfeta,babe,bombón,nymphette,Nymphoman,nemfomanyak,offensive,1,sexism
fantoche,puppet,títere,marionnette,Puppe /Püppchen,kukla,offensive,0,0
sonsa,dull,sonsa,morveux,Rotzlöffel,0,offensive,1,0
bando de pelego,sheeps,banda de ovejas,une bande de radins,Geizhals,koyunlar,offensive,1,0
babava ovo,ass kissing,lameculos,bave d'oeuf,arschkriechen,yalakalık,offensive,1,0
baba ovo,ass kisser ,lameculos,bave d'oeuf,Arschkriecher,yalaka,offensive,1,0
baba-ovo,ass kisser ,lameculos,bave d'oeuf,Arschkriecher,yalaka,offensive,1,0
bolsofanáticos,bolsofans,bolsofanáticos,0,Fanatiker,fanatik,offensive/Brazil,1,partyism
abestalhada,stupid,boquiabierta,0,dumm ,aptal,offensive,1,0
abestalhado,stupid,boquiabierto,dévergondé,dumm ,aptal,offensive,1,0
boca mole,dumb,boca floja,bouche douce,loses Mundwerk,budala,offensive,1,0
falsiane,fake,falsedad,0,falsch,sahte,offensive,1,0
dar moral,bolster,mantener el ánimo,remonter le moral des troupes,0,0,offensive,0,0
dando moral,bolstering,darle ánimo,moralisant,Moralapostel,0,offensive,0,0
peppa,pig,0,0,Schwein,domuz,offensive,0,fatphobia
pepa,pig,0,0,Schein,domuz,offensive,0,fatphobia
pepinhaaaa,piggie,0,0,Sau,dişi domuz,offensive,0,fatphobia
moçoila,twink,mujercita,fille,(richtiges) Mädchen,genç eşcinsel çocuk,offensive,0,0
capinar uma roça,get yourself something to do,0,sarcler un champs,0,0,offensive,0,0
cabeça de vento,light-headed,cabeza hueca,tête en l'air,hohlkopf,sersem,offensive,1,0
falida,broken,arruinada,faillite,kaputt,arızalı,offensive,0,0
caçar o que fazer,get yourself something to do,cazar o que hacer,chasser ce qu'il faut faire,0,0,offensive,1,0
berço de ouro,born with a silver spoon in [pron] mouth,cuna de oro,berceau doré,mit dem goldenen Löffel im Mund geboren sein ,0,offensive,0,0
bode expiatório,scapegoat,chivo expiatório,bouc émissaire,Sündenbock,günah keçisi,offensive,1,0
sem noção,reckless,sin noción,ignorant,Ahnungsloser,beceriksiz,offensive,0,0
porcaria,crap,porquería,pacotille,Schrott / Müll,saçmalık,offensive,1,0
dar ibope,waste time on (something),da que hablar,obtenir beaucoup de publicité,Aufmerksamkeitsgeil,zaman kaybı,offensive,0,0
dá ibope,talk of the town,es popular,c'est populaire,Aufmerksamkeitsgeil,popüler,offensive,0,0
encher o saco,push the buttons,romper las pelotas,s'ennuyer,Langweiler,alay etmek,offensive,0,0
encheu o saco,i've had it ,irritar,s'ennuyer,Langweiler,alay etmek,offensive,0,0
socialista de iPhone,iPhone-stan socilalist,socialista de iPhone,iPhone socialiste,0,iPhone sosyalisti,offensive/Brazil,1,partyism
doutrinado,blind,adoctrinado,endoctriné,0,0,offensive,1,0
doutrinada,blind,adoctrinada,endoctriné,0,0,offensive,1,0
coitado,poor man,pobre,pauvre,Armer Mann / Unterschicht,zavallı adam,offensive,1,0
coitada,poor woman,pobre,pauvre,Arme Frau / Unterschicht,zavallı kadın,offensive,1,0
esquerdopatia,libtard,izquierdopata,0,0,0,offensive/Brazil,1,partyism
inescrupuloso,reckless,inescrupuloso,sans scrupules,Skrupellos,vijdansız,offensive,1,0
se lixando,not giving a fuck,no le importas,se foutre de tout,keinen scheiß geben / sich einen Dreck drum scheren,siklememek,offensive,1,0
aff,ugh,Adult FriendFinder,0,0,öf,offensive,1,0
pioche,sucker,0,pioche,Lutscher,piç,offensive,1,0
não sabe nada,dumb,no sabe nada,ne connaît rien,von nichts wissen,aptal,offensive,0,0
aborrecente,stupid teenagers,molestando,s'ennuyer,sich langweilen,aptal gençler,offensive,1,0
jogando sujo,playing dirty,jugando sucio,jouer sale,0,kirli oynamak,offensive,1,0
bagaceiro,trashdigger,orujo,0,Mülltaucher,çöp karıştırıcı,offensive,1,0
idiota útil,puppets,idiota útil,idiot utile,Marionetten,kukla,offensive,1,0
fedelha,nosey kid,mocosa,morveux,Schreihals,velet,offensive,1,0
meter o nariz,nose in,meter la nariz,mettre son nez dedans,0,burnunu sokmak,offensive,1,0
metendo o nariz,noseing in,metiendo la nariz,mettre son nez dedans,0,burnunu sokma,offensive,1,0
meteu o nariz,nosed in,metió la nariz,a fourré son nez dans,0,burnunu soktu,offensive,1,0
cagada,dumb luck,cagada,merde,0,sıçma,offensive,0,0
puxa saco,ass kisser,adulador,tireur de sacs,Arschkriecher,yalaka,offensive,0,0
zé mané,dumbass,puto demente,imbécile,Vollidiot,salak herif,offensive,1,0
famosinha,it girl,0,0,Zicke,0,offensive,1,0
gorda,fat,gorda,graisse,fett,şişman,offensive,1,fatphobia
chata pra cacete,fucking annoying,aburrido como la mierda,ennuyeux à mourir,fucking nervig,lanet gibi rahatsız edici,offensive,1,0
pé no saco,lingerer ,molestia,casse-pieds,0,baş belası,offensive,0,0
mimadinha,spoiled,niña mimada,choyé,verzogen,şımarık kız,offensive,1,0
bla bla bla,jibber jabber,bla bla bla,bla bla bla,Geschwafel,boş laf,offensive,0,0
blablabla,jibber jabber,blablabla,bla bla bla,Geschwafel,boş laf,offensive,0,0
borra botas,botcher,siervo,boue de botte,Pfuscher,beceriksiz,offensive,1,0
borra-botas,botcher,siervo,Amorçage,Pfuscherin,beceriksiz,offensive,1,0
mocosa,lightfeet,mocosa,0,0,0,offensive,0,0
débil,dumb,debil,faible,dumm ,sümsük,offensive,0,0
farça,fake,farsa,0,falsch sein,sahte,offensive,1,0
absurdo,absurd,absurdo,bêtises.,absurd,saçma,offensive,0,0
maria ninguém,nobody,desconocida,0,ein niemand sein ,hiçkimse olmak,offensive,1,0
papagaio ambulante,tattletale,ambulante,perroquet ambulant,Petze,dedikoducu,offensive,1,0
conversa fiada,jibber jabber,cháchara,bavardages,Geschwafel,gevezelik,offensive,1,0
oportunista,vulture,oportunista,opportuniste,Geier,fırsatçı,offensive,1,0
interesseiro,selfish,cazafortunas,Intéressé,selbstsüchtig,düzenbaz,offensive,1,0
ranço,despise,rancio,0,verachten ,hor görmek,offensive,1,0
ranso,despise,rancio,0,verachten,hor görmek,offensive,1,0
gado,sheep,ganado,bovins,Mitläufer,sığırlar,offensive,0,0
gado marcado,sheep,ganado marcado,bovins marqués,Mitläufer,işaretlenmiş sığır,offensive,0,0
feio,ungly,feo,laid,0,çirkin,offensive,1,0
feia,ungly,fea,laid,0,çirkin,offensive,1,0
birrinha,pettiness,berrinche,crise de rage,schadenfroh sein,adilik,offensive,0,0
palhaçada,fuckery,payasada,pitrerie,0,soytarılık etmek,offensive,0,0
palhaço,clown,payaso,clown,Clown,paylaço,offensive,0,0
palhaça,clown,payasa,clown,Clown,şakacı,offensive,0,0
boneca de ventríloquo,ventroloquist pupet,muñeca de ventrílocuo,poupée de ventriloque,0,vantrilok bebek,offensive,0,0
pertubada,off,perturbada,pertubé,0,rahatsız,offensive,1,0
pertubado,off,perturbado,pertubé,0,rahatsız,offensive,1,0
mijona,wimp,meona,0,Schwächling,korkak,offensive,1,0
meter o bedelho,to nose in,husmear,faire pression sur,die Nase in anderer Leuts angelegenheiten stecken,burnunu sokmak,offensive,1,0
metida a certinha,prude,0,coincé,Prüde,namus düşkünü,offensive,1,0
esse tal,this / that,ese tipo,une telle,0,0,offensive,0,0
esse tal,this / that,ese tipo,un tel,0,0,offensive,0,0
riquinha,posh,niña rica,0,piekfein / augetackelt,0,offensive,1,0
ignorante,ignorant,ignorante,ignorante,Ignorant ,cahil,offensive,1,0
riquinho,posh,niño rico,riche,piekfein / aufgetackelt,0,offensive,1,0
insignificante,worthless,insignificante,insignifiant,wertlos,önemsiz,offensive,0,0
feia dos infernos,fucking ugly,feo de los infiernos,horriblement laid,scheiße hässlich sein,cehennem gibi çirkin,offensive,1,0
feio dos infernos,fucking ugly,fea de los infiernos,horriblement laid,scheiße hässlich sein,cehennem gibi çirkin,offensive,1,0
bandida,scammer,bandida,bandit,Betrüger,dolandırıcı,offensive,1,0
malparida,bastard,malparida,0,Bastard,piç,offensive,1,0
besta quadrada,jerk,limpiatraseros,bête noire,Idiot,lavuk,offensive,1,0
vaca,bitch,perra,vache,Schlampe,nahoş kadın,offensive,0,sexism
esquerdista,leftist,izquierdista,gauchiste,0,solcu,offensive,1,partyism
plantar batata,go find something to do,plantar papas,planter des pommes de terre,0,patates bitkisi,offensive,0,0
puta que pariu,holy fuck,puta que parió,enfoiré,heilige Scheiße,kahrolası kaltak,swear words,1,0
puta que a pariu,holy fuck,puta que la parió,putain de merde,heilige Scheiße,kahrolası kaltak,swear words,1,0
mulherzinha,pussy,mujercita,petite dame,pussy,küçük kadın,offensive,1,partyism
só pensam no próprio rabo,selfish fuck,solo piensan en su propio rabo,ils ne pensent qu'à leur propre cul,selbstsüchtiger Spast,kendi çıkarını düşünen,swear words,1,0
cretina,prick,cretina,crétin,Dummkopf ,salak,offensive,1,0
cretino,prick,cretino,crétin,Dummkopf ,salak,offensive,1,0
mal caráter,con,mal carácter,mauvais caractère,0,kötü karakter,offensive,1,0
mal catarismo ,scamming,0,0,betrügen,sahtekarlık,offensive,1,0
não têm caráter,con,no tiene carácter,n'ont aucune personnalité,betrügerisch,karaktersiz,offensive,1,0
sem caráter,spineless,sin carácter,sans personnalité,Rückgratslos,omurgasız,offensive,1,0
tetinha secou,no milk left in these tities,0,0,0,kurutulmuş emzik,offensive,1,0
farsante,scammer,farsante,farce,Betrüger,sahtekar,offensive,1,0
cara de homem,rough face,cara de hombre,visage de l'homme,Hackfresse,erkek suratlı,offensive,1,sexism
joga uma carteira de trabalho que correm todos,a work permit for everyone to run away from,juega una cartera de trabajo que todos corremos,Ajoutez-y un portfolio de travail et ils courent tous.,,0,offensive,1,0
mutreta,scam,truco,manigances,Betrug,dolandırıcılık,offensive,1,0
sapatona,butch,zapatona,0,0,erkek fatma,offensive,1,homophobia
sapatão,dyke,zapatón,pantoufle,0,erkeksi lezbiyen,offensive,0,homophobia
imbecibilidade,fuckery,imbecilidad,imbécillité,0,vijdansızlık,offensive,1,0
óleo de peroba,shameless,0,huile de peroba,schamlos,utanmaz,offensive,0,0
barriguda,hog body,barriguda,ventre,0,keş,offensive,1,fatphobia
surra,beat off,paliza,battant,0,dayak,offensive,0,0
descarada,shameless,descarada,éhontée,schamlos,utanmaz,offensive,1,0
descarado,shameless,descarado,effronté,schamlos,utanmaz,offensive,1,0
rapariga,bitch,chica,fille,Schlampe,sürtük,offensive,0,sexism
lama podre,mud,fango podrido,boue pourrie,Dreck,tiksinilen şey,offensive,0,0
porca,pig,puerca,écrou,Schwein / Sau,yetişkin dişi domuz,offensive,0,fatphobia
porco,pig,puerco,cochon,Schwein / Sau,domuz,offensive,0,fatphobia
cuidar da sua vida,mind your own business,cuida de tu vida,Occupe-toi de tes affaires,Kümmer dich um deinen eigenen Kram,kendi işine bakmak,offensive,1,0
horrorosa,horrendous,horrorosa,horribles,abscheulich,korkunç,offensive,1,0
horroroso,horrendous,horroroso,horribles,abscheulich,korkunç,offensive,1,0
suja,dirtbag,sucia,sale,Drecksack,pislik herif,offensive,0,0
sujo,dirtbag,sucio,sale,Drecksack,pislik herif,offensive,0,0
falso,fake,falso,fausse,falsch sein,yanıltıcı,offensive,0,0
falsa,fake,falsa,fausse,falsch sein,sahte,offensive,0,0
comia toco,eat [someone] alive,0,a mangé la souche,0,0,swear words,1,0
vai te catar,drop dead,0,Va te faire foutre !,tot umfallen,kıçına girsin,swear words,1,0
lixo ideológico,ideological trash,basura ideológica,déchets idéologiques,idiolistischer scheiß,ideolojik çöp,offensive,1,partyism
cachorra,bitch,perra,chien,Schlampe,şıllık,offensive,0,sexism
cachorrona,big bitch,perruna,chiot,Schlampe,sürtük,offensive,1,sexism
moças que ficam na rodovia,ladies of the night (hoes),chicas de la calle,les filles qui restent sur l'autoroute,Prostituierte,fahişe,offensive/Brazil,1,sexism
demagoga,demagogue,exagerar,démagogue,0,demogog,offensive,0,0
demagogo,demagogue,demagogo,démagogue,0,demogog,offensive,0,0
demagogia,demagogy,demagogia,demagogia,0,demogoji,offensive,0,0
cachaceiro,drunktard,borracho,0,Trunkenbold,ayyaş,offensive,1,0
raposa velhaca,old fox,0,vieux renard,0,kurnaz hergele,offensive,1,0
farinha do mesmo saco,birds of a feather,harina del mismo saco,farine de blé tendre,0,0,offensive,1,0
farinha do msm saco,birds of a feather,harina del mismo saco,0,0,0,offensive,1,0
maracutaia,scam,0,0,Betrug,dalavere,offensive,1,0
raça de vibora,viper,raza de vibora,0,falsche Schlange,engerek soyu,offensive,1,0
ela tem pena,slut,ella tiene pena,elle a de la pitié,Schlampe,sürtük,offensive,0,sexism
pena,pitty,pena,sanction,0,pislik,offensive,0,0
mamata,easy life,0,0,0,0,offensive,1,0
propina,bribe,propina,corrompre,bestechen,rüşvet,offensive,1,0
propineira,bribe sucker,rutinaria,0,0,rüşver alan,offensive,1,0
morfética,loathsome,0,morphétique,widerlich,iğrenç,offensive,1,0
171,deceiver,0,0,Betrüger,düzenbaz,offensive,0,0
quenga,slut,0,pute,Schlampe,ahlaksız kadın,offensive,1,sexism
vadia,bitch,perra,salope,Schlampe,orospu,offensive,1,sexism
vadio,bitch,perro,errant,Schlampe,orospu,offensive,1,0
devolva o dinheiro,give back my money,devuelva el dinero,rendre l'argent,0,0,offensive,0,0
fingida,sly,fingida,feinte,0,sinsi,offensive,1,0
fingido,phoney,fingido,prétendument,0,yapmacık,offensive,1,0
tranqueira,phoney,cacharro,0,0,değersiz,offensive,1,0
desqualificado,disqualified,descualificado,disqualifié,disqualifiziert,diskalifiye edilmiş,offensive,0,0
desqualificada,disqualified,descualificada,disqualifié,disqualifiziert,diskalifiye edilmiş,offensive,0,0
enganadora,liar,engañadora,tromperie,Lügner,yalancı,offensive,1,0
rato,rat,ratón,souris,Ratte,fare,offensive,0,0
vai catar coco,go find something to do,0,aller chercher des noix de coco,0,yapacak bir şey bul,offensive/Brazil,0,0
catar coquinho,get lost,0,0,Verpiss dich,siktir git,offensive/Brazil,0,0
vigarista,scammer,estafador,escroc,Betrüger,düzenbaz,offensive,1,0
boa de sela,nice rider,0,bonne conduite,0,iyi eyer,offensive/Brazil,1,0
tranbiqueira,scumbag,0,0,Betrüger,şerefsiz,offensive,1,0
vai procurar tua turma,find your own people,busca tu clase,allez trouver votre classe,Verpiss dich zu deinesgleichen,kendi sınıfını ara,offensive,0,0
dissimulada,sly,disimulada,sans couverture,0,sinsi,offensive,1,0
dissimulado,sly,disimulado,déguisé,0,sinsi,offensive,1,0
demônio,devil,demonio,démon,Teufel,şeytan,offensive,0,0
bagaceira,trashbag,orujo,0,Drecksack,çöp poşeti,offensive,1,0
omelete podre,rotter,omelete podrido,omelette pourrie,0,çürük omlet,offensive,1,0
comedora de propina,grafting crook,comedora de propina,mangeur de pots-de-vin,0,rüşver yiyen,offensive,1,0
dinheiro sujo,dirty money,dinero sucio,argent sale,dreckiges Geld,kirli para,offensive,0,0
galinha,whore,gallina,poulet,Schlampe,zampara,offensive,0,sexism
esquerda demoníaca,devilish leftists,izquierda demoníaca,gauche démoniaque,0,şeytani solcu,offensive,1,partyism
velha,old,vieja,vieux,alt,kocakarı,offensive,0,0
vá trabalhar,get a job,vaya a trabajar,se mettre au travail,such dir einen Job,iş bul,offensive,0,0
biruta,cuckoo,chiflado,bouée,0,kuş beyinli,offensive,1,0
vai procurar sua turma,be with your own people,busca tu clase,va et trouve ta classe,Verpiss dich zu deinesgleichen,kendi sınıfını ara,offensive,0,0
lava a boca,wash that mouth,lava tu boca,lave-toi la bouche,0,ağzını yıka,offensive,0,0
caráter duvidoso,scammer,carácter duvidoso,caractère douteux,Betrüger,dolandırıcı,offensive,1,0
louca,crazy,loca,fou,Verrückte ,deli,offensive,0,0
louco,crazy,loco,fou,Verrückter ,deli,offensive,0,0
socialista de merda,fucking socialist,socialista de mierda,socialiste de merde,scheiß Sozialist,lanet sosyalist,swear words,1,partyism
abobrinha,jibber jabber,calabaza,courgette,Geschwafel,zırva,offensive,0,0
vaca véia,old bitch,0,vache brune,alte Schlampe,yaşlı kaltak,offensive,1,sexism
credo,yuck,credo,credo,ew,ıyy,offensive,1,0
doente,sick,loco,malade,krank,hasta,offensive,0,0
boquinha secou,0,0,0,0,0,offensive/Brazil,1,0
moleque,kid,adolecente,morveux,Kind,genç,offensive,0,0
selva,jungle,selva,jungle,0,keşmekeş,offensive,0,0
cusinho,asshole,imbécil,0,Arschloch,pislik,offensive,1,0
vaza,scram,lárgate,fuite,Geh weg / Verpiss dich,defol git,swear words,0,0
petralhada,0,0,0,0,0,offensive/Brazil,1,partyism
presiBozo,0,0,0,0,0,offensive/Brazil,1,partyism
baixo nível,low-level,bajo nivel,faible niveau,niveaulos,alt level,offensive,0,0
caia fora,beat it,vete,sortir,0,sıvışmak,swear words,0,0
traidor,traitor,traidor,traître,Verräter,hain,offensive,1,0
fracassado,loserl,fracasado,échoué,loser,başarısız kimse,offensive,1,0
fracassada,loser,fracasada,échoué,loser,başarısız kimse,offensive,1,0
sol quadrado,in jail,entre rejas,0,Knasti,hapishane,offensive/Brazil,1,0
ai sabe roubar,con / scammer,sabe robar,je suis roubar,Betrüger,çalmayı bilen,offensive,1,0
caixa 2,money laudring,caja 2,0,Geldwäsche,kara para aklamak,offensive/Brazil,0,0
caixa dois,money laudring,caja 2,0,Geldwäsche,kara para aklamak,offensive/Brazil,0,0
faz alguma coisa útil,do something useful,haz alguna cosa útil,fait quelque chose d'utile,mach dich mal nützlich,işe yarar bir şey yapmak,offensive,0,0
bozo,0,payaso,0,0,0,offensive/Brazil,0,partyism
xucro,crass,grosero,0,0,dangalak,swear words,1,0
chucro,crass,grosero,0,0,dangalak,swear words,1,0
monstro,monster,mounstro,monstre,Monster/ Ungeheuer,canavar,swear words,0,0
gagá,coockoo,senil,0,0,bunak,offensive,1,0
velha gagá,cockooo,viejo senil,0,0,yaşlı bunak,offensive,1,0
lunático,lunatic,lunático,lunatique,0,fıttırık,offensive,0,0
besta fera,beast,bestia fiera,bête ,Monster/ Ungeheuer,canavar,offensive,1,0
besta-fera,beast,bestia fiera,bête,Monster/ Ungeheuer,canavar,offensive,1,0
desrespeitoso,disrespectuf,irrespetuoso,irrespectueux,respektlos,saygısız,offensive,0,0
atrás da grade,serve time,detrás de la rejilla,temps de service,0,0,offensive,0,0
idiotice,stupid things,idiotez,idioties,dumme Sache,gezi zekalılık,offensive,1,0
besteira,stupid things,estupidez,idioties,dumme Sache,saçmalık,offensive,0,0
cocô,shit,caca,caca,scheiße,bok,offensive,0,0
falador de merda,trash talker,hablador de mierda,mal-causeur,Müll reden,boktan konuşmacı,swear words,1,0
babaquice,fucker,imbecilidad,enculé,fucker,adi kimse,offensive,1,0
merda ambulante,moving shit,mierda ambulante,déplacer la merde,0,yürüyen bok,swear words,1,0
caga pela boca,shit through the mouth,caga por la boca,chier par la bouche,scheiße labern,ağzından lağım akan kişi,swear words,1,0
bolsofurado,0,0,0,0,0,offensive/Brazil,1,partyism
bolsofãs,0,0,0,0,0,offensive/Brazil,0,partyism
truculento,combative,horrendo,combatif,,gaddar,offensive,1,0
energúmeno,piece of junk,energumeno,camelote,Stück scheiße,hurda parçası,offensive,1,0
Imbeciloide,imbecile,imbécil,imbecile,Dummkopf,embesil,offensive,1,0
podia perder a voz,(pron.) could lose their voice,podia perder la voz,pourraient perdre leur voix,0,kapa çeneni,offensive,1,0
sociopata,sociopath,sociopata,sociopathe,Soziopath,sosyopat,offensive,0,0
boca de Lixo,trash mouth,malhablado,bouche déguelasse,0,lağım ağızlı,swear words,0,0
esse ser,this creature,esa criatura,cette créature,Kreatur,yaratık,offensive,0,0
treta,beef,mentira,bœuf,0,kavga,offensive/Brazil,0,0
xenofóbico,xenophobic,xenofóbico,xenophobie,Fremdenfeindlich ,aşırı milliyetçi,offensive,0,0
bolsonada,0,0,0,0,0,offensive/Brazil,1,partyism
burlesca,burlesque,burlesca,burlesue,0,kötü taklit,offensive,0,0
cavalo sem freio,horseplay,caballo sin freno,chahut,0,eşek şakası,swear words,1,0
nazista,nazi,nazista,nazi,Nazi,nazi,offensive,0,0
cavalo,horse,caballo,chéval,Pferd,at,offensive,0,0
minions,minions,minions,minions,Minions,köleler,offensive,0,partyism
manipulador,manipulator,manipulador,manipulateur,Manipulator ,manipülatör,offensive,1,0
manipuladora,manipulator,manipuladora,manipulation,Manipulator ,manipülatif,offensive,1,0
panaca,wimp,inocentón,mauviette,Schwächling,korkak,offensive,1,0
bozzolino,0,0,0,0,0,offensive/Brazil,1,partyism
direitalha,cuckservative,0,conservateur de cucks,0,dönek muhafazakar,offensive/Brazil,1,partyism
fala merda,talking shit,habla mierda,parler de la merde,scheiße labern,boktan şeylerden konuşma,swear words,1,0
evacua pela boca,shit through the mouth,evacua por la boca,sortir de la merde par la bouche,scheiße labern,ağzından lağım akan kişi,swear words,1,0
maléfico,evil,maléfico,maléfique,böse / bösartig,kötü,offensive,1,0
recalcado,jealous,reprimido,jaloux,eifersüchtig sein,kıskanç,offensive,1,0
recalcada,jealous,reprimida,jaloux,eifersüchtig sein,kıskanç,offensive,1,0
autoritário,authoritarian,autoritario,autoritaire,0,otoriter,offensive,0,0
autoritária,authoritarian,autoritaria,autoritaire,0,otoriter,offensive,0,0
Indigesto,distasteful,sin digerir,répugnant,0,hazmı zor,offensive,0,0
diarreia verbal,verbal diahrrea ,diarrea verbal,diahrrée verbale ,Sprechdurchfall,çenesi düşük,swear words,1,0
tosco,dull,tosco,terne,langweilig,kaba,offensive,1,0
assassino,murderer,asesino,meurtrier,Mörder,katil,offensive,1,0
assassina,murderer,asesina,meurtrier,Mörderin,katil,offensive,1,0
pica,dick,pija,bite,Schwanz,sik,swear words,0,0
buceta,pussy,coño,minoune,Pussy,am,swear words,1,0
puteiro,whorehouse,puterio,bordel,Puff,genelev,offensive,0,sexism
não vale o que o gato enterra,as good as a piece of shit,no vale ni una mierda,aussi bon qu'une merde,ein Stück scheiße sein,bok çuvalı,offensive,1,0
conseguiu formular uma frase inteira0,can you even phrase a sentence0,conseguiste formular la frase entera0,Tu peux même faire une phrase 0,kannst du überhaupt einen vernünftigen Satz herausbringen0,iki kelimeyi bir araya getiremez,offensive,0,0
anta,stupid,tapir,stupide,dumm,aptal,offensive,0,0
bolsoloide,0,0,0,0,0,offensive/Brazil,1,partyism
terrorista,terrorist,terrorista,terroriste,Terrorist ,terörist,offensive,1,0
capivara louca,bat crazy,capibara loca,fou furieux,verrückt,deli,swear words,1,0
torturador,torturer,torturador,tortionnaire,Peiniger / Folterknecht,işkenceci,offensive,1,0
bocó,fool,tonto,idiot,Idiot,aptal,offensive,1,0
dar um pau,beat the shit out of [pron],patearle el trasero,battre la merde hors de,die Scheiße aus dir raus prügeln,seni fena döverim,swear words,1,0
pulha,moron,canalla,crétin,Idiot,geri zekalı,offensive,1,0
calhorda,despicable,putilla,méprisable,verächtlich,değersiz,offensive,1,0
invejoso,jealous,envidioso,jaloux,neidisch,kıskanç,offensive,1,0
invejosa,jealous,envidiosa,jaloux,neidisch,kıskanç,offensive,1,0
babar ovo,to kiss (someone's) ass,adular,lécher le cul (de quelqu'un),Arschkriecher,yalakalık,offensive,1,0
coisa ruim,bad thing,cosa ruin,mauvaise chose,üble Sache,bela,offensive,1,0
ser da treva,evil,ser de las tinieblas,maléfique,böse / bösartig,kötü kişiliklilik,offensive,0,0
espirito de porco,obnoxious,espiritu de puerco,odieux,widerlich,iğrenç,swear words,1,0
rato de esgoto,sewer rat,rata de alcantarilla,rat d'égout,Kanalratte,lağım faresi,swear words,0,0
vai queimar no inferno,go burn in hell,se va quemar en el infierno,allez brûler en enfer,Schmor in der Hölle,Cehennemde yan,swear words,1,0
jaguarada,scammer,0,arnaqueur,Betrüger,dolandırıcı,offensive,1,0
stflixo,supreme court of trash,0,cour suprême des poubelles,0,0,offensive/Brazil,1,0
falcatrua,fraud,estafa,fraude,Betrug,sahtekar,offensive,1,0
rabo preso,bound to death,preocupado,lié à la mort,0,kuyruğu sıkışmış,offensive,1,0
art. 142,Martial law,0,Loi martiale,0,sıkıyönetim,offensive/Brazil,0,apology  to  dictatorship
intervenção militar já,military intervention right away,intervención militar ya,une intervention militaire immédiate,0,askeri darbe,offensive,1,0
abutre,vulture,0,vautour,Geier,akbaba,offensive,0,0
chiqueiro,dirty hole,corral,trou sale,Drecksloch,pis yer,offensive,0,0
advogadinho,little lawyer.,abogadito,petit avocat,kleiner Anwalt,küçük avukat,offensive,1,0
bandido de toga,legal con,bandido de toga,conflit juridique,0,yasal dolandırıcılık,offensive,1,0
pau no rabo,asshole,palo en el culo,trou du cul,Arschloch,pislik,swear words,1,0
pau entrando no rabo,drilling down,palo entrando en el rabo,le forage,0,0,swear words,1,0
colarinho branco,white collar,cuello blanco,col blanc,weiße Weste,beyaz yaka,offensive,1,0
colarinho-branco,white collar,cuello blanco,col blanc,weiße Weste,beyaz yaka,offensive,1,0
infâmia,infamy,infamia,infamie,Ehrenlos,rezillik,offensive,1,0
Intervenção militar no STF,military intervention in the supreme court,,intervention militaire à la cour suprême,0,yargıtaya askeri müdehale,offensive/Brazil,1,apology  to  dictatorship
vão para o inferno,go to hell,van al infierno,va au diable,Fahr zur Hölle,Cehenneme git,swear words,1,0
papel higiênico,toilet paper ,papel higiénico,papier toilette,Klopapier,tuvalet kağıdı,offensive,1,0
cambada de vagabundo,fucking twats,puñado de inútiles,putain de connards,0,bir avuç işeyaramaz,offensive,1,0
corja do mal,bad blood,chusma del mal,mauvais sang,0,kanı bozuk,offensive,1,0
ptfake,0,0,0,0,0,offensive/Brazil,1,partyism
mequetrefe,piece of shit,mequetrefe,tas de merde,Stück scheiße,bok parçası,offensive,1,0
esgoto,sewer,alcantarilla,égouts,Abwasser,lağım,offensive,0,0
roubalheira,scam ,fraude,fraude,Betrug,kazıklamak,offensive,1,0
jornaleco,tabloid,periodicucho,presse à scandale,Boulevardzeitung,tabloid,offensive,1,0
cacique,gang leader,jefe,chef de gang,Gang Anfrührer,çete lideri,offensive,0,0
salafrário,scammer,sinverguenza,escro,Schurke / Schuft,kaba adam,offensive,1,0
intervenção militar,military intervention,intervención militar,intervention militaire,0,askeri müdehale,offensive,0,apology  to  dictatorship
borrando na calça,scared shitless,cagándose en los pantalones,complètement effrayé,0,ödü bokuna karışmış,offensive,1,0
cão,dog,perro,chien,(Du) Hund,köpek,offensive,0,0
militontos,dumb woke people,militontos,des gens stupides et éveillés,0,0,offensive/Brazil,1,partyism
banana,wimp,banana,mauviette,Schwächling,penis,offensive,0,0
circo,hellhole,circo,trou de l'enfer,0,cehennem çukuru,offensive,0,0
seita pt,0,0,0,0,0,offensive/Brazil,1,partyism
mercenário,mercenary,mercenario,mercenaire,Söldner,paragöz,offensive,1,0
covil,lair ,cueva,tanière,Lügner,batakhane,offensive,0,0
cobra,snake,cobra,serpent,Schlange,yılan,offensive,0,0
carniceiro,thug,carnicero,voyou,Schläger,cani,offensive,0,0
porrada,beat,paliza,battre,0,dövmek,offensive,1,0
marionete,puppet,marioneta,marionnette,Marionette,kukla,offensive,0,0
mi mi mi,whinig,mi mi mi,pleurnicher,mimimi,mız mız,offensive/Brazil,1,0
entojada,obnoxious,mareada,odieux,widerlich,mide bulandırıcı,offensive,1,0
enjojado,obnoxious,mareado,odieux,widerlich,mide bulandırıcı,offensive,1,0
comer o cu,fuck someone up,comer el culo,baiser quelqu'un,jemanden fertig machen,birini sikmek,swear words,1,0
atriz,actress,actriz,actrice,Schauspielerin,0,offensive,0,0
ator,actor,actor,acteur,Schauspielerin,0,offensive,0,0
histérica,hysterical,histérica,hystérique,hysterisch,histerik,offensive,0,sexism
histérico,hysterical,histérico,hystérique,hysterisch,histerik,offensive,0,0
laranja,stooge,naranja,larbin,0,yardakçı,offensive,0,0
laranjinha,stooge,naranjita,larbin,0,yardakçı,offensive,0,0
conversa para boi dormir,jibber jabber,conversación para que el niño duerma,jacasser,Geschwafel,gevezelik,offensive,1,0
conversa pra boi dormir,jibber jabber,conversación para que el niño duerma,jacasser,Geschwafel,gevezelik,offensive,1,0
meu ovo,my balls,mi huevo,mes couilles,meine Eier,taşaklarım,swear words,0,0
bozominions,0,0,0,0,0,offensive/Brazil,1,partyism
seu bosta,piece of shit,pedazo de mierda,tas de merde,Stück scheiße,bok parçası,swear words,1,0
seu merda,piece of shit,su mierda,tas de merde,Stück scheiße,bok parçası,swear words,1,0
mimizenta,whiny,quejumbrosa,pleurnichard,jammern,mız mız,offensive/Brazil,1,0
mimizento,whiny,quejumbroso,pleurnichard,jammern,mız mız,offensive/Brazil,1,0
branco fazendo branquice,white trash folks,blanco haciendo blanquicie,les gens de race blanche,0,0,offensive,1,racism
mentiroso,liar,mentiroso,menteur,Lügner,yalancı,offensive,1,0
mentirosa,liar,mentirosa,menteur,Lügner,yalancı,offensive,1,0
bandidagem,scam,bandolerismo,escroquerie,Betrug,haydutluk,offensive,1,0
farsa,fraud,farsa,fraude,Betrug,hile,offensive,1,0
ameba,ameba,ameba,amibe,Amöbe,kan emici,offensive,0,0
vira casaca,turncoat,cambia chaqueta,renégat,0,dönek,offensive,1,0
queimação de filme,raining on (someone's) parade,0,pleuvoir sur la parade (de quelqu'un),0,0,offensive,0,0
queimar o filme,to rain (someone's) parade,0,pleuvoir sur la parade (de quelqu'un),0,0,offensive,0,0
pistoleira,whore,pistolera,pute,Schlampe,orospu,offensive,1,sexism
pistoleiro,hitman,pistolero,tueur à gages,Killer,kiralık katil,offensive,1,0
seboso,greasy,seboso,graisseux.,fettig,yapışkan,offensive,0,0
sebosa,greasy,sebosa,graisseux.,fettig,yapışkan,offensive,0,0
merda,shitty ,mierda,merdique ,scheiße,boktan,offensive,1,0
burraldo,dumb and dumbier,burrazo,muet et plus muet,dumm und dümmer,salak ile avanak,offensive,1,0
burralda,dumb and dumbier,burraza,muet et plus muet,dumm und dümmer,salak ile avanak,offensive,1,0
canalhada,bad blood,canallada,mauvais sang,böses Blut,alçak,offensive,1,0
pagar mico,be the butt of the joke,pasar verguenza,be the butt of the joke,0,utanç,offensive,0,0
mico,butt of the joke,verguenza,la cible de la plaisanterie,0,alay konusu,offensive,0,0
globosta,0,0,0,0,0,offensive/Brazil,1,0
partido da treva,damned party,fiesta oscura,fête maudite,0,lanetli parti,offensive,1,partyism
toma no fiofo,fuck you,0,Va te faire foutre !,Fick dich,siktir git,swear words,1,0
orelhuda,dumb,orejuda,stupide,dumm,aptal,offensive,1,0
pau mandado,spineless,sacolargo,sans envergure,Rückgratlos,karaktersiz,offensive,1,0
palerma,fool,tonto,idiot,Idiot,ahmak,offensive,1,0
vai se fuder,fuck you,jodete,Va te faire foutre !,Fick dich,siktir git,swear words,1,0
lixão,trashbag,basurero,sac poubelle,Drecksack,çöp yığını,offensive,0,0
fuça,face,cara,visage,0,surat,offensive,0,0
cara de cú,looking like you need to take a dump,cara de culo,vous avez l'air d'avoir besoin de chier,0,göt herif,swear words,1,0
cadela,bitch,perro,salope,Schlampe,kancık,offensive,0,sexism
tola,fool,tonta,idiot,Idiot,dangalak,offensive,1,0
cara de tacho,looking like you need to take a dump,vieja arrugada,vous avez l'air d'avoir besoin de chier,0,0,offensive,1,0
intragável,unbearable,desagradable,insupportable,unerträglich,tatsız,offensive,0,0
desonesto,dishonest,deshonesto,malhonnête,unehrlich,güvenilmez,offensive,1,0
desonesta,dishonest,deshonesta,malhonnête,unehrlich,güvenilmez,offensive,1,0
feiura,ugly ,fealdad,laid ,hässlich,çirkin,offensive,1,0
esquerdista do cacete,fucking lefitist,gilipollas de izquierda,putain de léfitiste,scheiß Linke,solcu pislik,swear words,1,partyism
fofoqueira,tattler,chismosa,Tatoueur,Petze,gammaz,offensive,1,0
fofoqueiro,tattler,chismoso,Tatoueur,Petze,gammaz,offensive,1,0
velhota,oldie,vieja,vieux site,0,ihtiyar,offensive,1,0
chacota,butt of the joke,chacota,la cible de la plaisanterie,0,alay,offensive,1,0
velhote,oldie,viejo,vieux site,0,yaşlı bunak,offensive,1,0
sifuuuuuuu,fuuuuuuuuck,0,putain de  ,scheeeeeiße,sikeriiiiiiim,swear words,1,0
sifu,fuuuuuuuuck,0,putain de  ,fuuuuck,sikerim,swear words,1,0
frustrada sexual,sexually flustered,frustrada sexual,agité sexuellement,0,azgın,offensive,1,sexism
desavisado,innocent,inconsciente,inncoent,unschuldig,pervasız,offensive,0,0
retardada,retard,retrasada,Attardé,behindert,geri zekalı,offensive,0,0
ptralhada,libtard,0,libido,0,libido,offensive,1,partyism
boicotar,backlash,boicotear,contrecoup,Gegenreaktion,boykot,offensive,1,0
abestado,stupid,estúpido,stupide,dumm,aptal,offensive,1,0
abestada,stupid,estúpida,stupide,dumm,aptal,offensive,1,0
dar um fora,discard / blow something off,0,jeter / se débarrasser de quelque chose,0,0,offensive,1,0
dando fora,blow off,rechazo,faire sauter,0,tembellik etmek,offensive,1,0
greluda,wet ass pussy,0,cul mouillé chatte,feuchte Pussy,amı büyük kadın,offensive,1,sexism
bosta ambulante,walking piece of shit,basura andante,merde ambulante,wandelndes Stück Scheiße,yürüyen bok,swear words,1,0
sargeta,rock bottom,alcantarilla,le fond du baril,Tiefpunkt,kanalizasyon,offensive,0,0
sarjeta,rock bottom,alcantarilla,le fond du baril,Tierfpunkt,kanalizasyon,offensive,0,0
micropenis,micropenis,micropene,micropénis,Mini-Penis,küçük penis,offensive,1,0
esquerdolândia,libland,izquierdolandia,libellule,0,sol ülke,offensive/Brazil,1,partyism
judeu do inferno,jews from hell,judeo del infierno,les juifs de l'enfer,Juden aus der Hölle ,cehennem yahudisi,swear words,1,antisemitism
caquético,in shambles,en ruinas,en ruine,0,karman çorman,offensive,0,0
caquética,in shambles,en ruinas,en ruine,0,karman çorman,offensive,0,0
caduco,crazy,caduco,fou,verrückt,üşütük,offensive,1,0
caduca,crazy,caducar,fou,verrückt,üşütük,offensive,1,0
misógino,misogynist ,misógino,misogyne ,Frauenhasser / Misogyn,kadın düşmanı,offensive,1,0
pedófilo,pedophile,pedófilo,pédophile,Pädophil,sübyancı,offensive,1,0
decrépito,ramshackle,decrépito,déglingué,0,harap,offensive,0,0
depravado,degenerate,depravado,dégénéré,0,sapık,offensive,1,0
boca suja,dirty mouth,boca sucia,bouche sale,0,ağzı pis,offensive,0,0
esclerosado,fucked up,esclerosado,défoncé,fucked up,sıçmak,offensive,0,0
esclerosada,fucked up,esclerosada,défoncé,fucked up,sıçmak,offensive,0,0
caducar,go crazy,caducar,devenir fou,verrückt werden,süresi geçmek,offensive,1,0
cínico,cynical,cínico,cynique,zynisch,çıkarcı,offensive,1,0
cínica,cynical,cínica,cynique,zynisch,çıkarcı,offensive,1,0
devasso,perv,libertino,pervers,Perverser,ahlaksız,offensive,1,0
devassa,perv,libertina,pervers,Perverser,ahlaksız,offensive,1,0
sequelado,sick,enfermo,malade,krank,bitkisel hayattaki kimse,offensive,0,0
sequelada,sick,enferma,malade,krank,bitkisel hayattaki kimse,offensive,0,0
débil mental,retard,débil mental,Attardé,behindert,iradesiz,offensive,1,0
tarado,perv,tarado,pervers,Perverser,cinsel sapık,offensive,1,0
tarada,perv,tarada,pervers,Perverser,cinsel sapık,offensive,1,0
canastrão,thug,0,voyou,Betrüger,dolandırıcı,offensive,1,0
escrotissimo,hell of a fucker,0,un sacré enfoiré,0,lanet olası bir piç,offensive,1,0
perverso,mean,perverso,moyenne,Perverser,çarpık,offensive,1,0
perversa,perv,perversa,pervers,Perverser,çarpık,offensive,1,0
pé na bunda,(to get) dumped,patada en el culo,(se) faire larguer,sitzengelassen werden,kıçına tekmeyi yemek,offensive,1,0
senilidade,oldy,senalidad,vieux site,0,bunaklık,offensive,0,0
eca,yuck,que asco,beurk,ew,iğrenç,offensive,0,0
pevertido,perv,pervertido,pervers,Perverser,sapık,offensive,1,0
pevertida,perv,pervertida,pervers,Perverser,sapık,offensive,1,0
show de horror,freakshow,espectáculo de horror,foire aux monstres,Freak,tuhaf gösteri,offensive,1,0
miserável,miserable,miserable,Misérable,miserabel,içler acısı,offensive,1,0
sórdido,sordid,sórdido,sordide,schmutzig,aşağılık,offensive,1,0
sórdida,sordid,sórdida,sordide,schmutzig,aşağılık,offensive,1,0
jornazista,nazi journalist,periodista nazi,journaliste nazi,Nazi Journalist,nazi gazeteci,offensive,1,antisemitism
judas,traitor,judas,traître,Judas,hain,offensive,0,0
abjeto,abject,abyecto,abject,verächtlich,aşağılık,offensive,1,0
troglodita,jerk,troglodita,abruti,Idiot,ilkel insan,offensive,1,0
lúcifer,Lucifer,lúcifer,Lucifer,Luzifer,Lucifer,offensive,0,0
meia tigela,second handed,pacotilla,deuxième main,0,şarlatan doktor,offensive,0,0
meia-tigela,second handed,pacotilla,deuxième main,0,şarlatan doktor,offensive,0,0
cristofobico,Christophobe,cristianofobia,Chrysophobe,Christen-Hass,,offensive,1,0
impressa marron,yellow press,0,presse jaune,0,0,offensive,1,0
balbúrdia,fuckery,alboroto,connerie,Puff,yaygara,offensive,1,0
engulho,barf,0,vomir,kotzen,mide bulandırıcı,offensive,1,0
estuprador,rapist,violador,violeur,Vergewaltiger,tecavüzcü,offensive,1,0
mal amada,poorly fucked,sin amor,mal baisé,schlecht gefickt worden,kötü sikilmiş,offensive,1,sexism
mal amado,poorly fucked,sin amor,mal baisé,schlecht gefickt worden,kötü sikilmiş,offensive,1,0
quinta categoria,second handed,quinta categoria,deuxième main,0,aşağılık,offensive,0,0
endemoniado,posessed,endemoniado,possédé,besessen,sinir bozucu,offensive,1,0
porco,pig,puerco,cochon,Schwein,domuz,offensive,0,0
imbecilidade,imbecile,imbecilidad,imbecile,Dummkopf,embesillik,offensive,1,0
perversidade,wickedness,perversidad,méchanceté,Bosheit,yaramazlık,offensive,1,0
asneira,dumb shit,asno,merdeux,dummes stück scheiße,saçmalık,offensive,1,0
malfeitor,con,malhechor,0,betrügerisch,maganda,offensive,1,0
mal feitor,con,malhechor,0,betrügerisch,maganda,offensive,1,0
covarde,coward,cobarde,lâche,Feigling,korkak,offensive,1,0
bicha,fag,maricón,tapette,Schwuchtel,ibne,offensive,1,homophobia
bicha enrustida,closeted faggot,marica no declarado,pédé fermé,Schwuchtel (nicht geoutet),gizli ibne,swear words,1,homophobia
louco de pedra,batshit crazy,loco de piedra,fou à lier,verrückt,manyak,offensive,1,0
doido de pedra,batshit crazy,loco de piedra,fou à lier,verrückt,manyak,offensive,1,0
vandalismo,vandalism,vandalismo,vandalisme,Vandalismus,vandallık,offensive,1,0
cara lavada,cynical,cínico,cynique,zynisch,alaycı,offensive,0,0
cara-lavada,cynical,cínico,cynique,zynisch,alaycı,offensive,0,0
frustrado,frustrated,frustrado,frustré,frustriert,hayal kırıklığına uğramış,offensive,1,0
revoltado,revolted,revuelto,révolté,0,asi,offensive,1,0
déspota,tyrant,déspota,tyran,Tyrann,zorba,offensive,1,0
demiurgo,demiurge,demiurgo,démiurge,0,0,offensive,0,0
satânico,satanist,satánico,sataniste,Satanist,şeytani,offensive,1,0
aberração,freak,aberración,monstre,Freak,ucube,offensive,1,0
falastrão,obnoxious / loudmouth,charlatán,odieux / grande gueule,widerlich,geveze,offensive,1,0
desgraçado,fucker,desgraciado,enculé,Fucker,piç,offensive,1,0
desgraçada,fucker,desgraciada,enculé,Frucker,piç,offensive,1,0
diabólico,devilsh,diabólico,diabolique,teuflisch,şeytanca,offensive,1,0
diabólica,devilish,diabólica,diabolique,teuflisch,şeytanca,offensive,1,0
venenoso,shady,venenoso,ombragé,zwielichtig,alaycı,offensive,0,0
venenosa,shady,venenosa,ombragé,zwielichtig,alaycı,offensive,0,0
demoníaco,devilish,demoníaco,diabolique,teuflisch,şeytanca,offensive,1,0
cruzes,yikes,cruzes,oups,ew,ıyy,offensive,0,0
cruz-credo,yikes,cruz-credo,oups,ew,ıyy,offensive,1,0
cruz credo,yikes,cruz-credo,oups,ew,ıyy,offensive,1,0
desequilibrado,crazy,desequilibrado,fou  ,Verrückt,dengesiz,offensive,0,0
desequilibrada,hysterical,desequilibrada,hystérique,hysterisch,dengesiz,offensive,0,sexism
lulalouco,0,lulaloco,0,0,0,offensive/Brazil,1,partyism
militante vermelho,commie,militante rojo,0,0,kızıl militan,offensive/Brazil,1,partyism
incendiário,arsonist,incendiario,pyromane,0,kundakçı,offensive,1,0
artomentar,to piss off,atormentar,pour faire chier,Verpiss dich,eziyet etmek,offensive,1,0
excremento,piece of shit,excremento,tas de merde,Stück scheiße,bok,swear words,0,0
imundície,dirtbag,inmundicia,sac à merde,Drecksack,müstehcenlik,offensive,0,0
desordeiro,brawler,alborotador,bagarreur,Schläger,intizamsız,offensive,1,0
desordeira,brawler,alborotador,bagarreur,Schläger,intizamsız,offensive,1,0
carniça,rotten,carroña,pourri,verfault,leş,offensive,1,0
encardido,dirtbag,mugriento,sac à merde,Drecksack,kirli,offensive,0,0
embusteiro,troublemaker,embustero,fauteur de troubles,Störenfried,başbelası,offensive,1,0
podridão,rotten,pobredumbre,pourri,verfault,kötü ortam,offensive,0,0
capeta,devil,diablo,diable,Teufel,şeytan,offensive,0,0
gay enrustido,closeted faggot,gay reprimido,faggotte fermée,Schwuchtel (nicht geoutet),gizli eşcinsel,offensive,1,homophobia
charlatão,con man,charlatán,escroc,0,şarlatan,offensive,1,0
desgoverno,misgovernment,desgobierno,mal gouvernance,0,kötü yönetim,offensive,1,0
sepulcro caiado,whitewashed tomb,sepulcro blanqueado,tombeau blanchi à la chaux,0,dışı güzel içi çürük,offensive,1,0
satã,satan,satanás,satan,Satan,şeytan,offensive,0,0
falso moralista,fake moralist,falso moralista,faux moralisateur,0,sahte ahlakçı,offensive,1,0
capiroto,devil,diablo,diable,Teufel,şeytan,offensive,0,0
de meia tijela,second-rate,barato,de second ordre,0,ikinci sınıf,offensive,1,0
incauto,reckless,incauto,téméraire,leichtsinnig,dikkatsiz,offensive,1,0
crente do cú quente,religiously fucker,creyente de culo caliente,baiseur religieux,religiöser Spast,dini olarak iki yüzlü,offensive,1,religious intolerance
crente do rabo quente,religiously fucker,creyente de rabo caliente,baiseur religieux,religiöser Spast,dini olarak iki yüzlü,offensive,1,religious intolerance
pastor de hiena,lion shepard,pastor de hiena,bâtard de lion,0,sırtlan çobanı,offensive,1,religious intolerance
fariseu,pharisian / traitor,fariseo,pharisien / traître,Verräter,hain,offensive,0,0
maricona,pussy,maricona,minou/chatte,Pussy,0,offensive,1,0
pastor do cao,fucking shepard,pastor de perro,putain de bâtard,0,kahrolası çoban,offensive,1,religious intolerance
hipocristão,hypochristian,hipocristiano,hypocrite,0,iki yüzlü,offensive,1,religious intolerance
cramunhão,Satan,satanás,Satan,Satan,şeytan,offensive,1,0
endiabrado,vile,endemoniado,ignoble,gemein,şeytani,offensive,1,0
pestilento,sick,apestoso,malade,krank,vebalı,offensive,1,0
gângster,gangster,gangster,gangster,Gangster,gangster,offensive,1,0
facínora,crook,facineroso,escroc,Ganove,maganda,offensive,1,0
pária,pariah,paria,paria,0,dışlanmış kimse,offensive,0,0
corno,cuck / cuckold,cachudo,cocufié,0,deyyus,offensive,1,0
corna,cuck / cuckold,cachuda,cocufié,0,deyyus,offensive,1,0
bichona,faggot,maricón,pédé,Schwuchtel  ,nonoş,offensive,1,homophobia
enrustiano,closeted faggot,reprimido,pédé caché,Schwuchtel (nicht geoutet),gizli ibne,offensive,1,homophobia
pateta,dumb,tonto,stupide,dumm,aptal,offensive,0,0
perdedor,loser,perdedor,perdant,Loser,işe yaramaz,offensive,0,0
lástima,pitty,lástima,pitoyable,schade,acınası,offensive,0,0
múmia,mummy,momia,maman.,0,mumya,offensive,0,0
arruínado,damned,arruinado,maudit,verdammt,bombok,offensive,0,0
arruínada,damend,arruinada,damné,verdammt,bombok,offensive,0,0
traidora,traitor,traidora,traître,Verräter,ispiyoncu,offensive,1,0
birrento,petty,insignificante,petit,kleinlich,mızmızlanan,offensive,1,0
birrenta,petty,insignificante,petit,kleinlich,mızmızlanan,offensive,1,0
perigoso,dangerous,peligroso,dangereux,gefährlich,tehlikeli,offensive,0,0
perigosa,dangerous,peligrosa,dangereux,gefährlich,tehlikeli,offensive,0,0
megera,bitch,perra,salope,Schlampe,şıllık,offensive,1,0
subserviente,submissive,sumiso,soumis,unterwürfig,sineye çekmek,offensive,0,0
esdrúxulo,abnormal,extravagante,anormal,unnormal,çatlak,offensive,1,0
esdrúxula,abnormal,extravagante,anormal,unnormal,çatlak,offensive,1,0
fraude,fraud,fraude,fraude,Betrug,hile,offensive,1,0
raio que o parta,the hell with you,que te parta un rayo,Va te faire voir !,zur Hölle mit dir,lanet olsun,swear words,1,0
surtado,freaked out,asustado,paniqué,durchgeknallt,korkmuş,offensive,1,0
surtada,freaked out,asustado,paniqué,durchgeknallt,korkmuş,offensive,1,0
maldoso,mean,malvado,moyenne,gemein,ahlaksız,offensive,1,0
maldosa,mean,malvada,moyenne,gemein,ahlaksız,offensive,1,0
víbora,viper,vibora,vipère,Schlange,hain,offensive,0,0
roliça,hogbody,rolliza,corps de porc,0,tombul,offensive,0,fatphobia
roliço,hogbody,rollizo,corps de porc,0,tombul,offensive,0,fatphobia
surtando,freaking out,enloqueciendo,flipper,ausrasten,delirmek,offensive,0,0
derrotado,loser,derrotado,perdant,Loser,yenik,offensive,0,0
derrotada,loser,derrotada,perdant,Loser,yenik,offensive,0,0
decadente,decadent,decadente,décadent,0,ahlaksız,offensive,0,0
feminazis,feminazi,femenazis,0,Femnazi,aşırı feminist,offensive,1,sexism
macumbeira,witch / voodoo witch,brujería,sorcière / sorcière vaudou,Hexe / Voodoo Tante,cadı,offensive,0,religious intolerance
macumbeiro,witch / voodoo witch,brujerío,sorcière / sorcière vaudou,Hexe / Voodoo Tante,cadı,offensive,0,religious intolerance
encosto,evil presence,presencia maligna,présence maléfique,Böse Präsenz,kötü varlık,offensive,0,0
fuleiro,wretched,0,misérable,erbärmlich,sefil,offensive,1,0
coiso,beast,bestia,bête,Bestie,gudubet,offensive,1,0
narcotraficante,drug dealer,narcotraficante,vendeur de drogues,Drogendealer,torbacı,offensive,1,0
trabalhominions,0,trabajominions,0,0,0,offensive/Brazil,1,partyism
bolsotário,0,bolsotario,0,0,0,offensive/Brazil,1,partyism
se ferrar,fuck off,irse a la mierda,Dégagez,fuck off,siktir git,swear words,1,0
embuste,trouble,estafa,trouble,Schwierigkeit,yolsuz,offensive,1,0
repuginante,repulsive,repugnante,répulsif,abstoßend,iğrenç,offensive,1,0
coxinha,elitist,0,élitiste,0,elitizm savunan,offensive,0,0
insensato,unreasonable,insensato,déraisonnable,unvernünftig,mantıksız,offensive,1,0
insensata,unreasonable,insensata,déraisonnable,unvernünftig,mantıksız,offensive,1,0
vermelhada,commies / libtards,comunistas,communistes / libéraux,0,0,offensive/Brazil,0,partyism
rabo,ass,rabo,cul,Arsch,göt,offensive,0,0
bozonaro,0,bozonaro,0,0,0,offensive/Brazil,1,partyism
robô,robot,robot,robot,Roboter ,robot,offensive,0,0
robozinho,little robot,robotcito,petit robot,kleiner Roboter,küçük robot,offensive,0,0
ditador,dictator,dictador,dictateur,Diktator,diktatör,offensive,0,0
presunçoso,smug,presumido,0,selbstgefällig,küstah,offensive,1,0
desocupado,useless,desocupado,inutile,nutzlos,aylak,offensive,0,0
desocupada,useless,desocupada,inutile,nutzlos,aylak,offensive,0,0
fedelho,prick,mocoso,piqûre,0,velet,offensive,1,0
cagar,take a dump,cagar,faire une vidange,Scheißen gehen,sıçıp batırmak,swear words,0,0
delinquente,juvie,delincuente,juvénile,0,çocuk suçlu,offensive,1,0
chifruda,cuckold / cuck,cornuda,cocufié,0,boynuzlu,offensive,0,0
chifrudo,cuckold / cuck,cornudo,cocufié,0,boynuzlu,offensive,0,0
assaltante,robber,asaltante,voleur,Einbrecher,kapkaçcı,offensive,1,0
bozoloide,0,bozoloide,0,0,0,offensive/Brazil,1,partyism
ustra,0,0,0,0,0,offensive/Brazil,1,apology  to  dictatorship
saudade do regime militar,dicatorship widow,necesidad del régimen militar,veuve du dicacteur,0,diktatör dulu,offensive,1,apology  to  dictatorship
pobre de direita,white trash,pobre de derecha,poubelle blanche,weißer Müll,beyaz çöp,offensive,1,partyism
canhotinha,lefitst,zurdo,0,Linker,solcu,offensive,0,partyism
baitola,faggot,remilgado,pédé,Schwuchtel,ibne,offensive,1,homophobia
boiola,faggot,marica,pédé,Schwuchel,ibne,offensive,1,homophobia
burra,dumb bitch,burra,sale garce,dumme Bitch,aptal kaltak,offensive,0,0
cagona,coward,cagona,lâche,Angsthase/ Feigling,korkak,offensive,0,0
cagão,coward,cagón,lâche,Angsthase/ Feigling,korkak,offensive,0,0
cuzão,asshole,estupido,trou du cul,Arschloch,dallama,offensive,1,0
cusão,asshole,estupido,trou du cul,Arschloch,dallama,offensive,1,0
cuzuda,asshole,estupido,trou du cul,Arschloch,dallama,offensive,1,0
cuzudo,asshole,estupido,trou du cul,Arschloch,dallama,offensive,1,0
égua,bitch,yegua,salope,Schlampe,sürtük,offensive,0,0
fedida,stinky,apestosa,puant,stinkend,kokuşmuş,offensive,0,0
fedido,stinky,apestoso,puant,stinkend,kokuşmuş,offensive,0,0
fedorenta,stinky,apestosa,puant,stinkend,kokmuş,offensive,0,0
fedorento,stinky,apestoso,puant,stinkend,kokmuş,offensive,0,0
macaca,monkey,mona,singe,Affe,maymun,offensive,0,racism
macaco,monkey,mono,singe,Affe,maymun,offensive,0,racism
machona,butch,machona,0,0,kaslı lezbiyen,offensive,1,sexism
mocreia,ugly bitch,perra fea,sale pute,hässliche Schlampe,çirkin orospu,offensive,1,0
mocrea,ugly bitch,perra fea,sale pute,hässliche Schlampe,çirkin orospu,offensive,1,0
paspalho,wimp,0,mauviette,Schwächling,pısırık,offensive,1,0
paspalha,wimp,0,mauviette,Schwächling,pısırık,offensive,1,0
rabuda,fat ass,rabona,gros cul,fettarsch,koca göt,offensive,0,sexism
rabudo,fat ass,rabón,gros cul,fettarsch,koca göt,offensive,0,0
sacana,perv,bastardo,pervers,Perverser,şerefsiz,offensive,0,0
testuda,bloated puss,0,chatte gonflée,0,şişmiş amcık,offensive,0,sexism
viado,faggot,marica,pédé,Schwuchtel,ibne,offensive,0,homophobia
viadinho,faggot,mariquita,pédé,Schwuchtel,ibne,offensive,0,homophobia
viadão,faggot,maricón,pédé,Schwuchtel,ibne,offensive,0,homophobia
família biroliro,0,0,0,0,0,offensive/Brazil,0,partyism
fim da picada,last drop of water,caer más bajo,dernière goutte d'eau,0,son damla su,offensive,0,0
pernicioso,dangerous,peligroso,dangereux,gefährlich,kötü niyetli,offensive,0,0
perniciosa,dangerous,peligrosa,dangereux,gefährlich,kötü niyetli,offensive,0,0
besta,beast,bestia,bête,Biest / Ungeheuer,öküz,offensive,0,0
evanjegue,blind sheep,0,moutons aveugles,0,kör koyun,offensive,1,religious intolerance
chauvinista,army bootlicker,0,lèche-bottes de l'armée,0,şövenist,swear words,1,partyism
veadão,faggot,venadazo,pédé,Schwuchtel,ibne,offensive,0,homophobia
veadinho,faggot,venadito,pédé,Schwuchtel,ibne,offensive,0,homophobia
veado,faggot,venado,pédé,Schwuchtel,ibne,offensive,0,homophobia
petzadas,libtard,0,libido,0,0,offensive,0,partyism
filhodeputa,sonovabitch,hijo de puta,0,0,orospu çocuğu,swear words,1,0
filho de puta,motherfucker,hijo de puta,fils de pute,Hurensohn,orospu çocuğu,swear words,1,0
misogenia,misogeny,misoginia,misogénie,Misogyn,kadın düşmanı,offensive,0,0
ridiculamente,pathetically,ridiculamente,pathétiquement,erbärmlich,aptalca,offensive,0,0
chata do caralho,fucking annoying,jodidamente aburrida,putain d'ennuyeux,verdammt nervig,lanet sıkıcı,swear words,1,0
babava ovo,kiss(ed) [someone's] ass,lambe huevo,embrasser le cul de quelqu'un,jemanden in den Arsch kriechen,kıç yalayan,offensive,0,0
cadeia para ele,lock him up,prisión para él,le mettre sous les verrous,sperrt ihn weg,hapislik kimse,offensive,1,0
cadeia pra ele,lock him up,prisión para él,le mettre sous les verrous,sperrt ihn weg,hapislik kimse,offensive,1,0
cadeia para ela,lock her up,prisión para ella,le mettre sous les verrous,sperrt sie weg,hapislik kimse,offensive,1,0
cadeia pra ela,lock her up,prisión para ella,le mettre sous les verrous,sperrt sie weg,hapislik kimse,offensive,1,0
mizerável,miserable,miserable,misérable,miserabel,acınası,offensive,1,0
bolsoburro,0,bolsoburro,0,0,0,offensive/Brazil,1,partyism
bolsorato,0,bolsorata,0,0,0,offensive/Brazil,1,partyism
maldita,fucker,maldita,enculé,Fucker,lanet etmek,offensive,0,0
bolsolixo,0,bolsobasura,0,0,0,offensive/Brazil,1,partyism
bozoenganador,0,bozoengañador,0,0,0,offensive/Brazil,1,partyism
trairagem,backlash,traición,contrecoup,Gegenreaktion,laçkalık,offensive,1,0
pastor de bosta,fucking preacher,pastor de mierda,putain de prédicateur,Scheiß Pastor,boktan papaz,swear words,1,religious intolerance
boneco assassino,chucky,chucky,mandrin,0,katil bebek,offensive,0,0
fdp,son of a bitch,hijo de puta,fils de pute,Hurensohn,orospu çocuğu,swear words,1,0
sfd,fuck you,vete a la mierda,Va te faire foutre !,Fick dich,sikerim seni,offensive,0,0
pnc,fucker,cabrón,enculé,Fucker,sikici,swear words,1,0
fdps,son of a bitch,hijo de puta,fils de pute,Hurensohn,orospu çocuğu,swear words,1,0
fdpta,son of a bitch,hijo de puta,fils de pute,Hurensohn,orospu çocuğu,swear words,1,0
fdputa,son of a bitch,hijo de puta,fils de pute,Hurensohn,orospu çocuğu,swear words,1,0
fdap,son of a bitch,hijo de puta,fils de pute,Hurensohn,orospu çocuğu,swear words,1,0
gosma,gunge,porquería,canon,0,sülük gibi,offensive,0,0
Iscrota,obnoxious,odiosa,odieux,widerlich,iğrenç,offensive,1,0
lodo,mud,lodo,boue,Dreck,lağım çukuru,offensive,0,0
iscroto,obnoxious,odioso,odieux,widerlich,iğrenç,offensive,1,0
mondronga,ugly,fea,laid,hässlich ,çirkin,offensive,1,0
mondrongo,ugly,fea,laid,hässlich,çirkin,offensive,1,0
naba,dick,polla,bite,Pimmel,yarrak,offensive,1,0
piroca,dick,polla,bite,Pimmel,yarrak,offensive,0,0
piroco,dick,polla,bite,Pimmel,yarrak,offensive,0,0
punheta,jerk off,paja,s'astiquer,wichsen,mastürbasyon,offensive,1,0
punhetão,jerk circle,hacerse una paja,cercle des secousses,0,otuz bir çekmek,offensive,1,0
rola,cock,verga,bite,Schwanz,sik,offensive,0,0
siririca,buffin' the muffin,pajear,0,0,otuz bir çekmek,offensive,1,0
xota,pussy,coño,chatte,Pussy ,am,offensive,1,0
xaninha,pussy,coño,chatte,Pussy,am,offensive,1,0
xibunga,faggot,maricona,pédé,Schwuchtel,ibne,offensive/Brazil,1,0
vagina,pussy,vagina,chatte,Vagina / Scheide,am,offensive,0,0
troxa,dumb,tonta,stupide,dumm,aptal,offensive,0,0
trolha,open wound,0,plaie ouverte,offene Wunde,açık yara,offensive,0,0
tezudo,stud,cachondo,goujon,0,azgın,offensive,0,0
tezuda,hottie,cachonda,chaudasse,hottie,azgın,offensive,0,0
pustula,open wound,0,plaie ouverte,offene Wunde,çürümek,offensive,1,0
tomar no cu,fuck it,tomar por el culo,Putain !,scheiß drauf / fuck it,siktir et,swear words,1,0
toomar no c,fuck it,tomar por el culo,Putain !,scheiiß drauf / fuck it,siktir et,swear words,1,0
raça maldita,fucking race,raza maldita,putain de course,0,lanet yarış,swear words,1,0
máfia,mafia,mafia,mafia,Mafia,mafya,offensive,1,0
ptzada,0,0,0,0,0,offensive/Brazil,1,partyism
coitadinho,poor thing,pobrecito,La pauvre.,armes Ding,zavallı küçük şey,offensive,0,0
coitadinha,poor thing,pobrecita,La pauvre.,armes Ding,zavallı küçük şey,offensive,0,0
anormal,abnormal,anormal,anormal,abartig,anormal,offensive,0,0
o tal,full of himself,el tal,imbu de sa personne,von sich selbst überzeugt,0,offensive,0,0
a tal,full of herself,la tal,imbu de sa personne,von sich selbst überzeugt,,offensive,0,0
retrógrada,obsolete,retrógrada,obsolète,veraltet,eskimiş,offensive,0,0
retrógrado,obsolete,retrógrado,obsolète,veraltet,eskimiş,offensive,0,0
em cana,jail,en cana,prison,Knast,kodese tıkmak,offensive,0,0
enjoado,obnoxious,enojado,odieux,widerlich,sersem,offensive,0,0
enjoada,obnoxious,enojada,odieux,widerlich,sersem,offensive,0,0
incompetente,incompetent,incompetente,incompétent,inkompetent,beceriksiz,offensive,0,0
phoder,fuck,joder,putain de,Fuck,sikik,offensive,0,0
asco,aversion,asco,aversion,Abneigung,iğrendirmek,offensive,0,0
horrível,horrible,horrible,horrible,schrecklich,korkunç,offensive,1,0
teatrinho,scene,teatrito,scène,Szene,küçük tiyatro,offensive,0,0
imundice,dirtbag,inmundicia,sac à merde,Drecksack,pislik,offensive,0,0
fdup,son of a bitch,hijo de puta,fils de pute,Hurensohn,orospu çocuğu,swear words,1,0
pastor do demo,devil pray,pastor de demostración,diable prier,Teufelsanbetung,şeytan duası,offensive,1,0
patético,pathetic,patético,pathétique,mitleiderregend,ezik,offensive,0,0
patética,pathetic,patética,pathétique,mitleiderregend,ezik,offensive,0,0
medíocre,mediocre,mediocre,médiocre,mittelmäßig,vasat,offensive,1,0
inferniano,hellish,infernal,infernal,höllisch,cehennem gibi,offensive,1,partyism
quadrilha,gang,cuadrilla,gang,Gang,çete,offensive,0,0
ostracismo,ostracism,ostracismo,ostracisme,0,dışlama,offensive,0,0
vaidosa,vain,vanidosa,vaniteux,eitel,kendini beğenmiş,offensive,0,0
vaidoso,vain,vanidoso,vaniteux,eitel,kendini beğenmiş,offensive,0,0
golpista,con,golpista,con,betrügerisch,internet dolandırıcısı,offensive,1,0
caroneiro,hitchhiker,autoestopista,auto-stoppeur,Anhalter,otostopçu,offensive,0,0
caroneira,hitchhiker,autoestopista,auto-stoppeur,Anhalter,otostopçu,offensive,0,0
pirralha,fucking kid,niña mimada,putain de gamin,Scheißkind,velet,offensive,0,0
safaneja,country camper slut,0,0,0,0,offensive/Brazil,1,sexism
escória,scorn,escoria,mépris,Verachtung,curuf yığını,offensive,0,0
petezada,0,0,0,0,0,offensive/Brazil,1,partyism
bozzolóide,0,0,0,0,0,offensive/Brazil,1,partyism
pretalhas,0,0,0,0,0,offensive/Brazil,1,partyism
Bolosolixo,0,0,0,0,0,offensive/Brazil,1,partyism
judeu dos infernos,fucking jew,judeo de los infiernos,putain de juif,Scheiß Juden,cehennem yahudisi,offensive,1,antisemitism
puta,whore,puta,pute,Hure,fahişe,offensive,1,sexism
comunistinhas,commie,comunistas,communiste,Kommunist,küçük komünistler,offensive,1,partyism
lavagem cerebral,brainwash,lavado cerebral,lavage de cerveau,Gehirnwäsche,beyin yıkama,offensive,1,0
colonialista,colonialist,colonialista,colonialiste,Kolonist,sömürgeci,offensive,0,0
sair do armário,come out (of the closet),salir del closet,sortir (du placard),sich outen,0,offensive,0,homophobia
pqp,holy shit,0,Putain de merde,heilige Scheiße,lanet bok,swear words,1,0
acabado,wrecked,acabado,épave,zerstört,mahvolmuş,offensive,0,0
acabada,wrecked,acabada,épave,zerstört,mahvolmuş,offensive,0,0
pequenez,pettiness,pequeñez,mesquinerie,Kleinlichkeit,dar görüşlülük,offensive,0,0
culpado,guilty,culpable,coupable,schuldig,suçlu,offensive,0,0
culpada,guilty,culpable,coupable,schuldig,suçlu,offensive,0,0
